ISO,REGION,COUNTRY,month_year,population,stringency_index,total_cases,total_deaths,total_tests,cumulative_vaccinations_count,new_cases,new_deaths,partially_vaccinated,fully_vaccinated,total_vaccinations
ARG,South America,Argentina,January 2020,45195777,11,0,0,432,602449904,0,0,0,0,0
ARG,South America,Argentina,February 2020,45195777,11,0,0,519,584918676,0,0,0,0,0
ARG,South America,Argentina,March 2020,45195777,100,1054,27,7189,1929371960,1054,27,0,0,0
ARG,South America,Argentina,April 2020,45195777,100,4428,218,70283,0,3374,191,0,0,0
ARG,South America,Argentina,May 2020,45195777,94,16851,539,202421,2006542580,12423,321,0,0,0
ARG,South America,Argentina,June 2020,45195777,91,64530,1307,451600,1428518863,47679,768,0,0,0
ARG,South America,Argentina,July 2020,45195777,93,191302,3543,897932,608621876,126772,2236,0,0,0
ARG,South America,Argentina,August 2020,45195777,91,417735,8660,1557159,176010231,226433,5117,0,0,0
ARG,South America,Argentina,September 2020,45195777,88,751001,16937,2341345,2316517837,333266,8277,0,0,0
ARG,South America,Argentina,October 2020,45195777,88,1166924,31002,3145538,2316517837,415923,14065,0,0,0
ARG,South America,Argentina,November 2020,45195777,82,1424533,38730,3747469,2316517837,257609,7728,0,0,0
ARG,South America,Argentina,December 2020,45195777,79,1625514,43245,4441507,584918676,200981,4515,0,0,0
ARG,South America,Argentina,January 2021,45195777,79,1927239,47974,5560477,608621876,301725,4729,3183015,516165,3699180
ARG,South America,Argentina,February 2021,45195777,79,2107365,51965,6571436,602449904,180126,3991,11422038,6109191,17531229
ARG,South America,Argentina,March 2021,45195777,77,2348821,55858,7652627,2006542580,241456,3893,62124541,15046079,77170620
ARG,South America,Argentina,April 2021,45195777,77,2977363,63865,9058020,176010231,628542,8007,152598938,23411293,176010231
ARG,South America,Argentina,May 2021,45195777,84,3781784,78093,10239120,2316517837,804421,14228,252335050,57640207,309975257
ARG,South America,Argentina,June 2021,45195777,81,4470374,94304,11268523,1929371960,688590,16211,397778795,103074302,500853097
ARG,South America,Argentina,July 2021,45195777,75,4929764,105721,12277344,1428518863,459390,11417,654328262,165568725,819896987
ARG,South America,Argentina,August 2021,45195777,76,5066253,108569,12519696,584869607,136489,2848,310357885,98501491,408859376
AUS,Oceania,Australia,January 2020,25499881,6,9,0,0,202407508,9,0,0,0,0
AUS,Oceania,Australia,February 2020,25499881,19,25,0,0,202293307,16,0,0,0,0
AUS,Oceania,Australia,March 2020,25499881,71,4559,18,235802,689105906,4534,18,0,0,0
AUS,Oceania,Australia,April 2020,25499881,73,6766,93,563641,0,2207,75,0,0,0
AUS,Oceania,Australia,May 2020,25499881,69,7202,103,1454568,696562522,436,10,0,0,0
AUS,Oceania,Australia,June 2020,25499881,62,7920,104,2455982,507603891,718,1,0,0,0
AUS,Oceania,Australia,July 2020,25499881,75,17280,201,4235839,202407508,9360,97,0,0,0
AUS,Oceania,Australia,August 2020,25499881,75,25819,657,6214453,42373827,8539,456,0,0,0
AUS,Oceania,Australia,September 2020,25499881,75,27096,888,7637403,793782477,1277,231,0,0,0
AUS,Oceania,Australia,October 2020,25499881,68,27595,907,8783761,793782477,499,19,0,0,0
AUS,Oceania,Australia,November 2020,25499881,55,27912,908,9996243,793782477,317,1,0,0,0
AUS,Oceania,Australia,December 2020,25499881,71,28425,909,11260636,202293307,513,1,0,0,0
AUS,Oceania,Australia,January 2021,25499881,71,28818,909,12951776,202407508,393,0,0,0,0
AUS,Oceania,Australia,February 2021,25499881,78,28978,909,14349465,202407508,160,0,114201,0,114201
AUS,Oceania,Australia,March 2021,25499881,75,29322,909,15613220,696562522,344,0,10588907,0,10588907
AUS,Oceania,Australia,April 2021,25499881,75,29811,910,16833395,42373827,489,1,46543484,0,46543484
AUS,Oceania,Australia,May 2021,25499881,75,30118,910,18398692,793782477,307,0,89602844,3774494,93377338
AUS,Oceania,Australia,June 2021,25499881,75,30643,910,20684917,689105906,525,0,155548054,25953962,181502016
AUS,Oceania,Australia,July 2021,25499881,68,34383,924,25032233,507603891,3740,14,222349816,82846567,305196383
AUS,Oceania,Australia,August 2021,25499881,68,38165,949,27361145,202293307,3782,25,107064699,52854781,159919480
BRA,South America,Brazil,February 2020,212559409,6,2,0,0,2737539217,2,0,0,0,0
BRA,South America,Brazil,March 2020,212559409,75,5717,201,0,9151194567,5715,201,0,0,0
BRA,South America,Brazil,April 2020,212559409,77,87187,6006,222860,0,81470,5805,0,0,0
BRA,South America,Brazil,May 2020,212559409,81,514849,29314,547104,9553591779,427662,23308,0,0,0
BRA,South America,Brazil,June 2020,212559409,77,1402041,59594,1478671,6670632938,887192,30280,0,0,0
BRA,South America,Brazil,July 2020,212559409,81,2662485,92475,3156857,2897860458,1260444,32881,0,0,0
BRA,South America,Brazil,August 2020,212559409,74,3908272,121381,5183751,929797572,1245787,28906,0,0,0
BRA,South America,Brazil,September 2020,212559409,70,4810935,143952,7547943,11235375947,902663,22571,0,0,0
BRA,South America,Brazil,October 2020,212559409,67,5535605,159884,10722630,11235375947,724670,15932,0,0,0
BRA,South America,Brazil,November 2020,212559409,61,6335878,173120,13794907,11235375947,800273,13236,0,0,0
BRA,South America,Brazil,December 2020,212559409,67,7675973,194949,16969594,2737539217,1340095,21829,0,0,0
BRA,South America,Brazil,January 2021,212559409,73,9204731,224504,20144281,2897860458,1528758,29555,11323589,0,11323589
BRA,South America,Brazil,February 2021,212559409,76,10551259,254942,23011740,2886418754,1346528,30438,132246615,16616239,148862854
BRA,South America,Brazil,March 2021,212559409,71,12748747,321515,26186427,9553591779,2197488,66573,305748547,96648665,402397212
BRA,South America,Brazil,April 2021,212559409,71,14659011,403781,29258705,929797572,1910264,82266,686037617,243759956,929797573
BRA,South America,Brazil,May 2021,212559409,66,16545554,462791,31716527,11235375947,1886543,59010,1136132510,545651658,1681784168
BRA,South America,Brazil,June 2021,212559409,66,18557141,518066,31716527,9151194567,2011587,55275,1760541749,719916386,2480458135
BRA,South America,Brazil,July 2021,212559409,61,19917855,556370,31716527,6670632938,1360714,38304,2821867322,1036756505,3858623827
BRA,South America,Brazil,August 2021,212559409,57,20285067,566896,31716527,2737539217,367212,10526,1317784617,536757724,1854542341
CAN,North America,Canada,January 2020,37742157,3,4,0,0,923510462,4,0,0,0,0
CAN,North America,Canada,February 2020,37742157,3,21,0,510,886359693,17,0,0,0,0
CAN,North America,Canada,March 2020,37742157,73,9246,152,178318,3221528223,9225,152,0,0,0
CAN,North America,Canada,April 2020,37742157,75,56716,4179,692108,0,47470,4027,0,0,0
CAN,North America,Canada,May 2020,37742157,73,92488,7906,1655117,3329466063,35772,3727,0,0,0
CAN,North America,Canada,June 2020,37742157,71,106029,8780,2894567,2311170878,13541,874,0,0,0
CAN,North America,Canada,July 2020,37742157,69,118297,9025,4398108,940117331,12268,245,0,0,0
CAN,North America,Canada,August 2020,37742157,67,130849,9193,6146834,282160864,12552,168,0,0,0
CAN,North America,Canada,September 2020,37742157,67,162736,9391,8446021,3902804158,31887,198,0,0,0
CAN,North America,Canada,October 2020,37742157,63,238191,10276,11329993,3902804158,75455,885,0,0,0
CAN,North America,Canada,November 2020,37742157,71,382708,12239,14277692,3902804158,144517,1963,0,0,0
CAN,North America,Canada,December 2020,37742157,71,587429,15762,17965095,886359693,204721,3523,632446,0,632446
CAN,North America,Canada,January 2021,37742157,75,783735,20041,21593178,940117331,196306,4279,15588018,1018851,16606869
CAN,North America,Canada,February 2021,37742157,75,871243,21990,24444017,923510462,87508,1949,28415157,8735612,37150769
CAN,North America,Canada,March 2021,37742157,75,989493,22960,27644520,3329466063,118250,970,89045176,18892664,107937840
CAN,North America,Canada,April 2021,37742157,75,1229305,24220,31479292,282160864,239812,1260,255840738,26320126,282160864
CAN,North America,Canada,May 2021,37742157,75,1389814,25528,34790069,3902804158,160509,1308,527747962,45590133,573338095
CAN,North America,Canada,June 2021,37742157,74,1423170,26273,36768392,3221528223,33356,745,732490646,177866699,910357345
CAN,North America,Canada,July 2021,37742157,70,1438457,26560,38529118,2311170878,15287,287,818585926,552467621,1371053547
CAN,North America,Canada,August 2021,37742157,61,1455141,26647,39199157,885727247,16684,87,325918091,277648292,603566383
CHN,Asia,China,January 2020,1439323774,70,9790,213,0,27936733000,9242,196,0,0,0
CHN,Asia,China,February 2020,1439323774,81,79261,2835,0,26740633000,69471,2622,0,0,0
CHN,Asia,China,March 2020,1439323774,82,81565,3305,0,101754457500,2304,470,0,0,0
CHN,Asia,China,April 2020,1439323774,74,82919,4633,0,0,1354,1328,0,0,0
CHN,Asia,China,May 2020,1439323774,82,83062,4634,0,104078176200,143,1,0,0,0
CHN,Asia,China,June 2020,1439323774,82,83580,4634,99767442,73170921500,518,0,0,0,0
CHN,Asia,China,July 2020,1439323774,78,84383,4634,150232558,28358451500,803,0,0,0,0
CHN,Asia,China,August 2020,1439323774,78,85104,4634,160000000,5601118000,721,0,0,0,0
CHN,Asia,China,September 2020,1439323774,82,85458,4634,160000000,117318318200,354,0,0,0,0
CHN,Asia,China,October 2020,1439323774,82,86043,4634,160000000,117318318200,585,0,0,0,0
CHN,Asia,China,November 2020,1439323774,82,86588,4634,160000000,117318318200,545,0,0,0,0
CHN,Asia,China,December 2020,1439323774,82,87117,4634,160000000,26740633000,529,0,0,0,0
CHN,Asia,China,January 2021,1439323774,78,89611,4636,160000000,28358451500,2494,2,0,0,0
CHN,Asia,China,February 2021,1439323774,78,89960,4636,160000000,27936733000,349,0,0,0,0
CHN,Asia,China,March 2021,1439323774,62,90265,4636,160000000,104078176200,305,0,0,0,0
CHN,Asia,China,April 2021,1439323774,78,90720,4636,160000000,5601118000,455,0,0,0,0
CHN,Asia,China,May 2021,1439323774,78,91173,4636,160000000,117318318200,453,0,0,0,0
CHN,Asia,China,June 2021,1439323774,75,91846,4636,160000000,101754457500,673,0,13062000000,4689279000,17751279000
CHN,Asia,China,July 2021,1439323774,79,93066,4639,160000000,73170921500,1220,0,19282000000,6922269000,26204269000
CHN,Asia,China,August 2021,1439323774,79,94323,4636,160000000,26689633000,1257,0,7464000000,2679588000,10143588000
DEU,Europe,Germany,January 2020,83783945,6,5,0,0,1891805499,5,0,0,0,0
DEU,Europe,Germany,February 2020,83783945,25,79,0,0,1768998976,74,0,0,0,0
DEU,Europe,Germany,March 2020,83783945,77,71808,775,1000751,6475873425,71729,775,0,0,0
DEU,Europe,Germany,April 2020,83783945,77,163009,6623,2576267,0,91201,5848,0,0,0
DEU,Europe,Germany,May 2020,83783945,77,183410,8540,4298639,6789469212,20401,1917,0,0,0
DEU,Europe,Germany,June 2020,83783945,63,195418,8990,5973167,4567534428,12008,450,0,0,0
DEU,Europe,Germany,July 2020,83783945,63,210399,9147,8374856,1930463554,14981,157,0,0,0
DEU,Europe,Germany,August 2020,83783945,60,244802,9303,12452358,631489470,34403,156,0,0,0
DEU,Europe,Germany,September 2020,83783945,60,292913,9495,17355415,8046178541,48111,192,0,0,0
DEU,Europe,Germany,October 2020,83783945,61,531790,10483,23375709,8046178541,238877,988,0,0,0
DEU,Europe,Germany,November 2020,83783945,68,1069912,16694,29696266,8046178541,538122,6211,0,0,0
DEU,Europe,Germany,December 2020,83783945,82,1760520,33791,35654374,1768998976,690608,17097,515866,3276,519142
DEU,Europe,Germany,January 2021,83783945,85,2225659,57163,40701121,1930463554,465139,23372,34267801,4390274,38658075
DEU,Europe,Germany,February 2021,83783945,83,2450295,70152,45138251,1891805499,224636,12989,81387793,41419043,122806836
DEU,Europe,Germany,March 2021,83783945,78,2843644,76589,50868496,6789469212,393349,6437,216006545,97589984,313596529
DEU,Europe,Germany,April 2021,83783945,75,3405365,83097,56436251,631489470,561721,6508,470545185,160952924,631498109
DEU,Europe,Germany,May 2021,83783945,75,3689921,88601,61485454,8046178541,284556,5504,946800681,313790046,1260590727
DEU,Europe,Germany,June 2021,83783945,69,3736205,90945,64835089,6475873425,46284,2344,1241770672,708451510,1950222182
DEU,Europe,Germany,July 2021,83783945,68,3777236,91709,67587549,4567534428,40519,721,1535307030,1170314040,2705621070
DEU,Europe,Germany,August 2021,83783945,68,3814335,91860,68260213,1768479834,37611,194,622924459,544078808,1167003267
FRA,Europe,France,January 2020,67564251,6,5,0,0,1515843511,5,0,0,0,0
FRA,Europe,France,February 2020,67564251,35,100,2,0,1425988196,95,2,0,0,0
FRA,Europe,France,March 2020,67564251,88,52278,3526,0,4920719628,52178,3524,0,0,0
FRA,Europe,France,April 2020,67564251,88,169098,24349,0,0,116583,20823,0,0,0
FRA,Europe,France,May 2020,67564251,88,190975,28805,0,5169574372,22114,4456,0,0,0
FRA,Europe,France,June 2020,67564251,75,204244,29846,0,3531017473,13269,1041,0,0,0
FRA,Europe,France,July 2020,67564251,52,227239,30268,0,1535281597,22995,422,0,0,0
FRA,Europe,France,August 2020,67564251,48,321160,30646,0,501361616,93921,378,0,0,0
FRA,Europe,France,September 2020,67564251,50,605893,31978,0,6091623548,284733,1332,0,0,0
FRA,Europe,France,October 2020,67564251,79,1414364,36827,0,6091623548,808471,4849,0,0,0
FRA,Europe,France,November 2020,67564251,79,2276874,52819,0,6091623548,862510,15992,0,0,0
FRA,Europe,France,December 2020,67564251,75,2677666,64759,0,1425988196,400792,11940,3059,0,3059
FRA,Europe,France,January 2021,67564251,64,3255920,76201,0,1535281597,578254,11442,19252220,185866,19438086
FRA,Europe,France,February 2021,67564251,70,3815639,86580,0,1515843511,559719,10379,67806418,22048897,89855315
FRA,Europe,France,March 2021,67564251,70,4705068,95798,0,5169574372,889429,9218,177847306,71007438,248854744
FRA,Europe,France,April 2021,67564251,75,5677835,104675,0,501361616,972767,8877,368658932,132863925,501522857
FRA,Europe,France,May 2021,67564251,75,5978650,109690,0,6091623548,415550,5015,649045506,278126521,927172027
FRA,Europe,France,June 2021,67564251,55,5837265,111244,0,4920719628,108477,1554,930741596,472755944,1403497540
FRA,Europe,France,July 2021,67564251,46,6190334,112055,0,3531017473,353069,811,1170941883,846458661,2017400544
FRA,Europe,France,August 2021,67564251,55,6469753,112700,0,1425985137,279419,645,531743234,403764179,935507413
GBR,Europe,United Kingdom,January 2020,67886004,8,2,0,0,2755566214,2,0,0,0,0
GBR,Europe,United Kingdom,February 2020,67886004,11,61,0,0,2312589797,59,0,0,0,0
GBR,Europe,United Kingdom,March 2020,67886004,80,38815,2457,176912,7610209749,38754,2457,0,0,0
GBR,Europe,United Kingdom,April 2020,67886004,80,178771,26754,721124,0,139956,24297,0,0,0
GBR,Europe,United Kingdom,May 2020,67886004,80,257539,37527,1701944,8471883896,78768,10773,0,0,0
GBR,Europe,United Kingdom,June 2020,67886004,73,285216,40479,2912810,5438353725,27677,2952,0,0,0
GBR,Europe,United Kingdom,July 2020,67886004,71,304793,41274,5857159,2900889861,19577,795,0,0,0
GBR,Europe,United Kingdom,August 2020,67886004,70,338083,41589,10745022,1263408923,33290,315,0,0,0
GBR,Europe,United Kingdom,September 2020,67886004,68,455848,42233,17145556,10244847489,117765,644,0,0,0
GBR,Europe,United Kingdom,October 2020,67886004,75,1014795,46645,25353954,10244847489,558947,4412,0,0,0
GBR,Europe,United Kingdom,November 2020,67886004,75,1633736,58545,34014197,10244847489,618941,11900,0,0,0
GBR,Europe,United Kingdom,December 2020,67886004,80,2496235,73622,45016625,2312589797,862499,15077,13649670,0,13649670
GBR,Europe,United Kingdom,January 2021,67886004,88,3828187,106367,61802760,2900889861,1331952,32745,134062523,10086927,144149450
GBR,Europe,United Kingdom,February 2021,67886004,88,4188827,123083,77738395,2755566214,360640,16716,426493831,16482586,442976417
GBR,Europe,United Kingdom,March 2021,67886004,86,4359982,126955,111733866,8471883896,171155,3872,796985058,64689089,861674147
GBR,Europe,United Kingdom,April 2021,67886004,70,4432246,127775,138119672,1263408923,72264,820,981553958,281854965,1263408923
GBR,Europe,United Kingdom,May 2021,67886004,62,4503231,128045,164261439,10244847489,70985,270,1141131328,631832265,1772963593
GBR,Europe,United Kingdom,June 2021,67886004,62,4817298,128404,191016361,7610209749,314067,359,1266471926,905384098,2171856024
GBR,Europe,United Kingdom,July 2021,67886004,51,5883421,129949,220481922,5438353725,1066123,1545,1429354980,1108108884,2537463864
GBR,Europe,United Kingdom,August 2021,67886004,44,6208908,131016,228640287,2298940127,325487,1067,564140942,471390262,1035531204
IDN,Asia,Indonesia,March 2020,273523621,51,1528,136,6663,4145476468,1528,136,0,0,0
IDN,Asia,Indonesia,April 2020,273523621,80,10118,792,72351,0,8590,656,0,0,0
IDN,Asia,Indonesia,May 2020,273523621,80,26473,1613,223624,4355162925,16355,821,0,0,0
IDN,Asia,Indonesia,June 2020,273523621,72,56385,2876,477318,3135441712,29912,1263,0,0,0
IDN,Asia,Indonesia,July 2020,273523621,62,108376,5131,866539,1410147609,51991,2255,0,0,0
IDN,Asia,Indonesia,August 2020,273523621,62,174796,7417,1282618,485842881,66420,2286,0,0,0
IDN,Asia,Indonesia,September 2020,273523621,73,287008,10740,1993694,5080082992,112212,3323,0,0,0
IDN,Asia,Indonesia,October 2020,273523621,73,410088,13869,2881443,5080082992,123080,3129,0,0,0
IDN,Asia,Indonesia,November 2020,273523621,64,538883,16945,3827720,5080082992,128795,3076,0,0,0
IDN,Asia,Indonesia,December 2020,273523621,68,743198,22138,4912745,1363192395,204315,5193,0,0,0
IDN,Asia,Indonesia,January 2021,273523621,68,1078314,29998,6158452,1410147609,335116,7860,3480118,60113,3540231
IDN,Asia,Indonesia,February 2021,273523621,65,1334634,36166,7194252,1406607378,256320,6168,30032714,13382270,43414984
IDN,Asia,Indonesia,March 2021,273523621,69,1511712,40858,8490864,4355162925,177078,4692,146976377,62710077,209686454
IDN,Asia,Indonesia,April 2021,273523621,69,1668368,45521,9821421,485842881,156656,4663,315200574,170642305,485842879
IDN,Asia,Indonesia,May 2021,273523621,69,1821703,50578,11251308,5080082992,153335,5057,439336684,285583384,724920068
IDN,Asia,Indonesia,June 2021,273523621,69,2178272,58491,13326172,4145476468,356569,7913,650934676,359100080,1010034756
IDN,Asia,Indonesia,July 2021,273523621,69,3409658,94119,17799061,3135441712,1231386,35628,1222210916,503083187,1725294103
IDN,Asia,Indonesia,August 2021,273523621,69,3774155,113664,19449602,1363192395,364497,19545,598220464,279129050,877349514
IND,Asia,India,January 2020,1380004385,10,1,0,0,9702847153,1,0,0,0,0
IND,Asia,India,February 2020,1380004385,10,3,0,0,9456800394,2,0,0,0,0
IND,Asia,India,March 2020,1380004385,100,1397,35,41197,30038695725,1394,35,0,0,0
IND,Asia,India,April 2020,1380004385,100,34863,1154,830201,0,33466,1119,0,0,0
IND,Asia,India,May 2020,1380004385,96,190609,5408,3737027,31204702586,155746,4254,0,0,0
IND,Asia,India,June 2020,1380004385,88,585481,17400,8608654,22108640318,394872,11992,0,0,0
IND,Asia,India,July 2020,1380004385,88,1695988,36511,18832970,9731170359,1110507,19111,0,0,0
IND,Asia,India,August 2020,1380004385,86,3691166,65288,42307914,3438457501,1995178,28777,0,0,0
IND,Asia,India,September 2020,1380004385,86,6312584,98678,74196729,36826612578,2621418,33390,0,0,0
IND,Asia,India,October 2020,1380004385,74,8184082,122111,108796064,36826612578,1871498,23433,0,0,0
IND,Asia,India,November 2020,1380004385,69,9462809,137621,140379976,36826612578,1278727,15510,0,0,0
IND,Asia,India,December 2020,1380004385,69,10286709,148994,172049274,9456800394,823900,11373,0,0,0
IND,Asia,India,January 2021,1380004385,69,10757610,154392,196588372,9731170359,470901,5398,28323206,0,28323206
IND,Asia,India,February 2021,1380004385,63,11112241,157157,216231106,9702847153,354631,2765,229379228,16667532,246046760
IND,Asia,India,March 2021,1380004385,63,12221665,162927,243672940,31204702586,1109424,5770,975578403,190428458,1166006861
IND,Asia,India,April 2021,1380004385,75,19164969,211853,286392086,3438457501,6943304,48926,2953038463,485419038,3438457501
IND,Asia,India,May 2021,1380004385,82,28175044,331895,344866883,36826612578,9010075,120042,4445896442,1176013550,5621909992
IND,Asia,India,June 2021,1380004385,82,30411634,399459,410100044,30038695725,2236590,67564,6464569904,1465485503,7930055407
IND,Asia,India,July 2021,1380004385,82,31655824,424351,466427038,22108640318,1244190,24892,9871158094,2506311866,12377469960
IND,Asia,India,August 2021,1380004385,82,32117826,430254,485056507,9456800394,462002,5903,4683687207,1334655687,6018342894
ITA,Europe,Italy,January 2020,60461828,19,2,0,0,1393750342,2,0,0,0,0
ITA,Europe,Italy,February 2020,60461828,70,1128,29,18661,1304442534,1126,29,0,0,0
ITA,Europe,Italy,March 2020,60461828,92,105792,12428,506968,4624997786,104664,12399,0,0,0
ITA,Europe,Italy,April 2020,60461828,94,205463,27967,1979217,0,99671,15539,0,0,0
ITA,Europe,Italy,May 2020,60461828,94,232997,33415,3878739,4851306162,27534,5448,0,0,0
ITA,Europe,Italy,June 2020,60461828,64,240578,34767,5390110,3307206693,7581,1352,0,0,0
ITA,Europe,Italy,July 2020,60461828,58,247537,35141,6813113,1426267413,6959,374,0,0,0
ITA,Europe,Italy,August 2020,60461828,55,269214,35483,8644859,449206301,21677,342,0,0,0
ITA,Europe,Italy,September 2020,60461828,55,314861,35894,11333922,5714363398,45647,411,0,0,0
ITA,Europe,Italy,October 2020,60461828,74,679430,38618,15784461,5714363398,364569,2724,0,0,0
ITA,Europe,Italy,November 2020,60461828,80,1601554,55576,21945099,5714363398,922124,16958,0,0,0
ITA,Europe,Italy,December 2020,60461828,84,2107166,74159,26598607,1304442534,505612,18583,80275,0,80275
ITA,Europe,Italy,January 2021,60461828,84,2553032,88516,32666726,1426267413,445866,14357,29326297,3190802,32517099
ITA,Europe,Italy,February 2021,60461828,82,2925265,97699,40132887,1393750342,372233,9183,54291308,35016528,89307836
ITA,Europe,Italy,March 2021,60461828,84,3584899,109346,49902497,4851306162,659634,11647,156460372,69848057,226308429
ITA,Europe,Italy,April 2021,60461828,88,4022653,120807,58579752,449206301,437754,11461,316041448,133394145,449435593
ITA,Europe,Italy,May 2021,60461828,78,4217821,126128,66172255,5714363398,195168,5321,595251414,277410782,872662196
ITA,Europe,Italy,June 2021,60461828,71,4259909,127566,71583206,4624997786,42088,1438,896199569,454668246,1350867815
ITA,Europe,Italy,July 2021,60461828,75,4350028,128063,77544194,3307206693,90119,497,1131404448,789643411,1921047859
ITA,Europe,Italy,August 2021,60461828,50,4420429,128334,79966541,1304362259,70401,271,473840201,397804035,871644236
JPN,Asia,Japan,January 2020,126476458,3,15,0,0,1264252515,13,0,0,0,0
JPN,Asia,Japan,February 2020,126476458,34,245,6,1560,1264074293,230,6,0,0,0
JPN,Asia,Japan,March 2020,126476458,44,2255,67,31874,4468884019,2010,61,0,0,0
JPN,Asia,Japan,April 2020,126476458,47,14284,481,146207,0,12029,414,0,0,0
JPN,Asia,Japan,May 2020,126476458,47,16751,898,269224,4482104313,2467,417,0,0,0
JPN,Asia,Japan,June 2020,126476458,29,18615,972,390219,3480851047,1864,74,0,0,0
JPN,Asia,Japan,July 2020,126476458,34,36234,1008,704381,1264252515,17619,36,0,0,0
JPN,Asia,Japan,August 2020,126476458,34,68396,1298,1321983,65836433,32162,290,0,0,0
JPN,Asia,Japan,September 2020,126476458,35,83591,1575,1889433,4752979553,15195,277,0,0,0
JPN,Asia,Japan,October 2020,126476458,35,101327,1769,2439158,4752979553,17736,194,0,0,0
JPN,Asia,Japan,November 2020,126476458,37,148962,2076,3212775,4752979553,47635,307,0,0,0
JPN,Asia,Japan,December 2020,126476458,48,235811,3292,4486717,1264074293,86849,1216,0,0,0
JPN,Asia,Japan,January 2021,126476458,50,390166,5753,6370198,1264252515,154355,2461,0,0,0
JPN,Asia,Japan,February 2021,126476458,51,432090,7889,7734523,1264252515,41924,2136,178222,0,178222
JPN,Asia,Japan,March 2021,126476458,48,474641,9155,9285719,4482104313,42551,1266,12507447,712847,13220294
JPN,Asia,Japan,April 2021,126476458,49,593264,10199,11219428,65836433,118623,1044,46789523,19046910,65836433
JPN,Asia,Japan,May 2021,126476458,49,747188,13006,13716480,4752979553,153924,2807,200995768,69879472,270875240
JPN,Asia,Japan,June 2021,126476458,55,800305,14730,15649029,4468884019,53117,1724,699505501,288527471,988032972
JPN,Asia,Japan,July 2021,126476458,53,927058,15206,17556339,3480851047,126753,476,1348702600,867895932,2216598532
JPN,Asia,Japan,August 2021,126476458,50,1090301,15371,18617335,1264074293,163243,165,691419037,506818822,1198237859
KOR,Asia,South Korea,January 2020,51269183,3,11,0,308,381058826,10,0,0,0,0
KOR,Asia,South Korea,February 2020,51269183,56,3150,16,85693,380994193,3139,16,0,0,0
KOR,Asia,South Korea,March 2020,51269183,76,9786,162,393672,1502673513,6636,146,0,0,0
KOR,Asia,South Korea,April 2020,51269183,82,10774,248,610137,0,988,86,0,0,0
KOR,Asia,South Korea,May 2020,51269183,55,11503,271,887528,1520277015,729,23,0,0,0
KOR,Asia,South Korea,June 2020,51269183,55,12850,282,1252957,1050656241,1347,11,0,0,0
KOR,Asia,South Korea,July 2020,51269183,57,14336,301,1545466,381058826,1486,19,0,0,0
KOR,Asia,South Korea,August 2020,51269183,53,20182,324,1879813,51833274,5846,23,0,0,0
KOR,Asia,South Korea,September 2020,51269183,60,23889,415,2302403,1678847021,3707,91,0,0,0
KOR,Asia,South Korea,October 2020,51269183,66,26635,466,2598814,1678847021,2746,51,0,0,0
KOR,Asia,South Korea,November 2020,51269183,58,34652,526,2997807,1678847021,8017,60,0,0,0
KOR,Asia,South Korea,December 2020,51269183,69,61769,917,4043542,380994193,27117,391,0,0,0
KOR,Asia,South Korea,January 2021,51269183,68,78508,1425,5491270,381058826,16739,508,0,0,0
KOR,Asia,South Korea,February 2021,51269183,64,90031,1605,6576117,381058826,11523,180,64633,0,64633
KOR,Asia,South Korea,March 2021,51269183,58,103639,1735,7636498,1520277015,13608,130,17550673,52829,17603502
KOR,Asia,South Korea,April 2021,51269183,58,122634,1831,8765781,51833274,18995,96,49525447,2307827,51833274
KOR,Asia,South Korea,May 2021,51269183,58,140799,1963,9633205,1678847021,18165,132,123011791,35558215,158570006
KOR,Asia,South Korea,June 2021,51269183,50,157723,2021,10464962,1502673513,16924,58,367526665,104677316,472203981
KOR,Asia,South Korea,July 2021,51269183,47,199787,2098,11349744,1050656241,42064,77,509492536,195127184,704619720
KOR,Asia,South Korea,August 2021,51269183,47,220182,2144,11697146,380994193,20395,46,249921371,92796872,342718243
MEX,North America,Mexico,January 2020,128932753,0,0,0,5386,1286650776,0,0,0,0,0
MEX,North America,Mexico,February 2020,128932753,3,4,0,10494,1253118190,4,0,0,0,0
MEX,North America,Mexico,March 2020,128932753,82,1215,29,30153,4161006043,1211,29,0,0,0
MEX,North America,Mexico,April 2020,128932753,82,19224,1859,109616,0,18009,1830,0,0,0
MEX,North America,Mexico,May 2020,128932753,82,90664,9930,304931,4306803687,71440,8071,0,0,0
MEX,North America,Mexico,June 2020,128932753,73,226089,27769,614630,3001242379,135425,17839,0,0,0
MEX,North America,Mexico,July 2020,128932753,71,424637,46688,1022112,1297766878,198548,18919,0,0,0
MEX,North America,Mexico,August 2020,128932753,75,599560,64414,1391957,398147621,174923,17726,0,0,0
MEX,North America,Mexico,September 2020,128932753,75,743216,77646,1752814,5046180449,143656,13232,0,0,0
MEX,North America,Mexico,October 2020,128932753,74,924962,91753,2166721,5046180449,181746,14107,0,0,0
MEX,North America,Mexico,November 2020,128932753,72,1113543,105940,2630338,5046180449,188581,14187,0,0,0
MEX,North America,Mexico,December 2020,128932753,72,1426094,125807,3457840,1253118190,312551,19867,101392,0,101392
MEX,North America,Mexico,January 2021,128932753,72,1864260,158536,4528865,1297766878,438166,32729,10760269,355833,11116102
MEX,North America,Mexico,February 2021,128932753,72,2086938,185715,5214230,1286650776,222678,27179,27059562,6471115,33530677
MEX,North America,Mexico,March 2021,128932753,61,2238887,203210,5821046,4306803687,151949,17495,124716569,21178030,145894599
MEX,North America,Mexico,April 2021,128932753,47,2344755,216907,6317689,398147621,105868,13697,312319504,108480108,420799612
MEX,North America,Mexico,May 2021,128932753,44,2413742,223568,6705021,5046180449,68987,6661,504055114,324472154,828527268
MEX,North America,Mexico,June 2021,128932753,44,2519269,233047,7152268,4161006043,105527,9479,806131680,480603148,1286734828
MEX,North America,Mexico,July 2021,128932753,67,2848252,240906,8119600,3001242379,328983,7859,1187378591,684796622,1872175213
MEX,North America,Mexico,August 2021,128932753,73,3045571,246811,8477641,1253016798,197319,5905,602811778,324534346,927346124
RUS,Europe,Russia,January 2020,145934460,8,2,0,0,1359198024,2,0,0,0,0
RUS,Europe,Russia,February 2020,145934460,8,2,0,0,1250628310,0,0,0,0,0
RUS,Europe,Russia,March 2020,145934460,87,2337,17,406500,4012986128,2335,17,0,0,0
RUS,Europe,Russia,April 2020,145934460,87,106498,1073,3723807,0,104161,1056,0,0,0
RUS,Europe,Russia,May 2020,145934460,85,405843,4693,10923108,4262322015,299345,3620,0,0,0
RUS,Europe,Russia,June 2020,145934460,75,646929,9306,19852167,2994882469,241086,4613,0,0,0
RUS,Europe,Russia,July 2020,145934460,69,838461,13939,28478012,1403870046,191532,4633,0,0,0
RUS,Europe,Russia,August 2020,145934460,62,992402,17128,36901215,462599546,153941,3189,0,0,0
RUS,Europe,Russia,September 2020,145934460,41,1170799,20630,46421834,5008806417,178397,3502,0,0,0
RUS,Europe,Russia,October 2020,145934460,48,1606267,27787,61029746,5008806417,435468,7157,0,0,0
RUS,Europe,Russia,November 2020,145934460,48,2275936,39491,76755901,5008806417,669669,11704,0,0,0
RUS,Europe,Russia,December 2020,145934460,48,3127347,56271,91123132,1250628310,851411,16780,3850000,0,3850000
RUS,Europe,Russia,January 2021,145934460,50,3808348,72029,102336060,1403870046,681001,15758,40783565,0,40783565
RUS,Europe,Russia,February 2021,145934460,46,4198400,84700,111345909,1359198024,390052,12671,87876749,0,87876749
RUS,Europe,Russia,March 2021,145934460,46,4494234,97219,120610353,4262322015,295834,12519,172047970,76219160,248267130
RUS,Europe,Russia,April 2021,145934460,42,4750755,108290,129516018,462599546,256521,11071,287488467,175111079,462599546
RUS,Europe,Russia,May 2021,145934460,37,5013512,119464,138547723,5008806417,262757,11174,444419777,302064625,746484402
RUS,Europe,Russia,June 2021,145934460,59,5449594,132973,150121327,4012986128,436082,13509,575887099,442216560,1018103659
RUS,Europe,Russia,July 2021,145934460,47,6185249,155952,165692642,2994882469,735655,22979,952590321,638422102,1591012423
RUS,Europe,Russia,August 2021,145934460,47,6447229,165201,171145970,1246778310,261980,9249,457889337,326289427,784178764
SAU,Asia,Saudi Arabia,March 2020,34813867,90,1563,10,116325,1744719526,1563,10,0,0,0
SAU,Asia,Saudi Arabia,April 2020,34813867,94,22753,162,368785,0,21190,152,0,0,0
SAU,Asia,Saudi Arabia,May 2020,34813867,92,85261,503,879921,1824223424,62508,341,0,0,0
SAU,Asia,Saudi Arabia,June 2020,34813867,82,190823,1649,1715785,1261770385,105562,1146,0,0,0
SAU,Asia,Saudi Arabia,July 2020,34813867,71,275905,2866,3474638,581544397,85082,1217,0,0,0
SAU,Asia,Saudi Arabia,August 2020,34813867,71,315772,3897,5337366,205703744,39867,1031,0,0,0
SAU,Asia,Saudi Arabia,September 2020,34813867,60,334605,4768,6784194,2188652506,18833,871,0,0,0
SAU,Asia,Saudi Arabia,October 2020,34813867,57,347282,5402,8340700,2188652506,12677,634,0,0,0
SAU,Asia,Saudi Arabia,November 2020,34813867,54,357360,5896,9905480,2188652506,10078,494,0,0,0
SAU,Asia,Saudi Arabia,December 2020,34813867,56,362741,6223,11046767,558594863,5381,327,0,0,0
SAU,Asia,Saudi Arabia,January 2021,34813867,56,368074,6375,12358449,581544397,5333,152,0,0,0
SAU,Asia,Saudi Arabia,February 2021,34813867,57,377383,6494,13680202,573363332,9309,119,0,0,0
SAU,Asia,Saudi Arabia,March 2021,34813867,57,390007,6669,15184311,1824223424,12624,175,0,0,0
SAU,Asia,Saudi Arabia,April 2021,34813867,54,417363,6957,16969267,205703744,27356,288,0,0,0
SAU,Asia,Saudi Arabia,May 2021,34813867,54,450436,7362,19307011,2188652506,33073,405,0,0,0
SAU,Asia,Saudi Arabia,June 2021,34813867,54,487592,7819,22008712,1744719526,37156,457,64275449,6104459,70379908
SAU,Asia,Saudi Arabia,July 2021,34813867,54,525730,8237,25127917,1261770385,38138,418,554645895,125580093,680225988
SAU,Asia,Saudi Arabia,August 2021,34813867,54,531935,8311,26180818,558594863,6205,74,237835690,115071783,352907473
TUR,Asia,Turkey,March 2020,84339067,76,13531,214,92403,4717592055,13531,214,0,0,0
TUR,Asia,Turkey,April 2020,84339067,78,120204,3174,1033617,0,106673,2960,0,0,0
TUR,Asia,Turkey,May 2020,84339067,76,163942,4540,2039194,5089167107,43738,1366,0,0,0
TUR,Asia,Turkey,June 2020,84339067,64,199906,5131,3381650,3567354016,35964,591,0,0,0
TUR,Asia,Turkey,July 2020,84339067,64,230873,5691,4800823,1651111810,30967,560,0,0,0
TUR,Asia,Turkey,August 2020,84339067,48,270133,6370,7138492,582640817,39260,679,0,0,0
TUR,Asia,Turkey,September 2020,84339067,74,318663,8195,10380261,5902448556,48530,1825,0,0,0
TUR,Asia,Turkey,October 2020,84339067,72,375367,10252,14001814,5902448556,56704,2057,0,0,0
TUR,Asia,Turkey,November 2020,84339067,66,638847,13746,18592292,5902448556,263480,3494,0,0,0
TUR,Asia,Turkey,December 2020,84339067,80,2208652,20881,24504567,1495948617,778489,7135,0,0,0
TUR,Asia,Turkey,January 2021,84339067,80,2477463,25993,29631422,1651111810,268811,5112,0,0,0
TUR,Asia,Turkey,February 2021,84339067,72,2701588,28569,33175016,1629394177,224125,2576,88410796,17014978,105425774
TUR,Asia,Turkey,March 2021,84339067,72,3317182,31537,38578057,5089167107,615594,2968,244598849,126976203,371575052
TUR,Asia,Turkey,April 2021,84339067,87,4820591,40131,47261999,582640817,1503409,8594,349945056,232695761,582640817
TUR,Asia,Turkey,May 2021,84339067,87,5249404,47527,54139309,5902448556,428813,7396,471367026,341914423,813281449
TUR,Asia,Turkey,June 2021,84339067,65,5425652,49732,60786975,4717592055,176248,2205,730157941,419781257,1149939198
TUR,Asia,Turkey,July 2021,84339067,50,5727045,51332,61455218,3567354016,301393,1600,1191499641,625035622,1816535263
TUR,Asia,Turkey,August 2021,84339067,50,6018455,52703,61455218,1495948617,291410,1371,501280021,346064242,847344263
USA,North America,United States,January 2020,331002647,0,8,0,0,11665288635,7,0,0,0,0
USA,North America,United States,February 2020,331002647,6,25,1,0,10195712088,17,1,0,0,0
USA,North America,United States,March 2020,331002647,73,192301,5362,1538778,31906166246,192276,5361,0,0,0
USA,North America,United States,April 2020,331002647,73,1081105,66184,7224190,0,888804,60822,0,0,0
USA,North America,United States,May 2020,331002647,73,1798793,107729,19272422,35377029313,717688,41545,0,0,0
USA,North America,United States,June 2020,331002647,73,2642233,127466,37364568,22550290475,843440,19737,0,0,0
USA,North America,United States,July 2020,331002647,69,4567464,153984,65454687,12111629834,1925231,26518,0,0,0
USA,North America,United States,August 2020,331002647,67,6026946,183611,91516293,5973943153,1459482,29627,0,0,0
USA,North America,United States,September 2020,331002647,67,7235498,207010,119046030,43791131892,1208552,23399,0,0,0
USA,North America,United States,October 2020,331002647,66,9165786,231511,155446091,43791131892,1930288,24501,0,0,0
USA,North America,United States,November 2020,331002647,75,13670698,270810,203171650,43791131892,4504912,39299,0,0,0
USA,North America,United States,December 2020,331002647,75,20100244,351982,257659983,10195712088,6429546,81172,20576721,0,20576721
USA,North America,United States,January 2021,331002647,72,26249342,449167,309290035,12111629834,6149098,97185,388476014,54574383,443050397
USA,North America,United States,February 2021,331002647,72,28651438,514783,345954386,11665288635,2402096,65616,1056904301,398157223,1455061524
USA,North America,United States,March 2021,331002647,68,30465116,552286,384813182,35377029313,1813678,37503,2266848759,1218064777,3484913536
USA,North America,United States,April 2021,331002647,57,32350861,576070,422369225,5973943153,1885745,23784,3747634396,2374031843,6121666239
USA,North America,United States,May 2021,331002647,57,33267592,594234,450602123,43791131892,916731,18164,4875127646,3759662687,8634790333
USA,North America,United States,June 2021,331002647,62,33664970,604550,470770149,31906166246,397378,10316,5242726571,4369447670,9612174241
USA,North America,United States,July 2021,331002647,62,34978276,613221,491981331,22550290475,1313306,8671,5756064650,4975166500,10731231150
USA,North America,United States,August 2021,331002647,50,36306724,619093,499128115,10175135367,1328448,5872,2327682307,1992306493,4319988800
ZAF,Africa,South Africa,February 2020,59308690,3,0,0,144,109148237,0,0,0,0,0
ZAF,Africa,South Africa,March 2020,59308690,88,1353,5,41072,328094813,1353,5,0,0,0
ZAF,Africa,South Africa,April 2020,59308690,88,5647,103,207530,0,4294,98,0,0,0
ZAF,Africa,South Africa,May 2020,59308690,84,32683,683,725125,333111281,27036,580,0,0,0
ZAF,Africa,South Africa,June 2020,59308690,81,151209,2657,1630008,268156966,118526,1974,0,0,0
ZAF,Africa,South Africa,July 2020,59308690,84,493183,8005,2959535,109535261,341974,5348,0,0,0
ZAF,Africa,South Africa,August 2020,59308690,79,627041,14149,3693721,8694270,133858,6144,0,0,0
ZAF,Africa,South Africa,September 2020,59308690,72,674339,16734,4187917,350688515,47298,2585,0,0,0
ZAF,Africa,South Africa,October 2020,59308690,51,725452,19276,4822973,350688515,51113,2542,0,0,0
ZAF,Africa,South Africa,November 2020,59308690,44,790004,21535,5450273,350688515,64552,2259,0,0,0
ZAF,Africa,South Africa,December 2020,59308690,51,1057161,28469,6609208,109148237,267157,6934,0,0,0
ZAF,Africa,South Africa,January 2021,59308690,72,1453761,44164,8279200,109535261,396600,15695,0,0,0
ZAF,Africa,South Africa,February 2021,59308690,72,1513393,49993,9077479,109535261,59632,5829,387024,385894,772918
ZAF,Africa,South Africa,March 2021,59308690,48,1548157,52846,9879348,333111281,34764,2853,5016468,5016468,10032936
ZAF,Africa,South Africa,April 2021,59308690,51,1581210,54350,10654870,8694270,33053,1504,8694270,8694270,17388540
ZAF,Africa,South Africa,May 2021,59308690,51,1665617,56506,11631239,350688515,84407,2156,17577234,14920999,32498233
ZAF,Africa,South Africa,June 2021,59308690,71,1973972,60647,13133428,328094813,308355,4141,59937847,27372443,87310290
ZAF,Africa,South Africa,July 2021,59308690,75,2447454,72013,14806616,268156966,473482,11366,137329497,55661317,192990814
ZAF,Africa,South Africa,August 2021,59308690,52,2568511,76247,14806616,109148237,121057,4234,80198720,41386592,121585312
